synthetic_prompt,model_name,meta_prompt_filename,assistant_response,pass_fail,fail_response
"I’m looking for a simple pasta dish. I have spaghetti, olive oil, garlic, and parmesan. What’s a quick and tasty recipe?",gemma3:1b,data/meta_prompts/use_case_metaprompt,"Okay, let’s make a super simple and delicious pasta dish – **Garlicky, Parmesan, and Spaghetti Delight!** It’s pure comfort food.

Here’s what you’ll need:

*   **Spaghetti:** 1 pound (about 400g)
*   **Olive Oil:** 1/4 cup (about 60ml)
*   **Garlic:** 2-3 cloves, minced (don’t overdo it – a little goes a long way!)
*   **Parmesan:** 1/2 cup, grated (fresh is best, but pre-grated is fine)
*   **Salt & Pepper:** To taste
*   **(Optional)** Red pepper flakes: A pinch (for a little heat)

**Let’s do it!**

1.  **Cook the Spaghetti:** Fill a large pot with plenty of water. Bring it to a boil.  Add a generous pinch of salt (this is important!). Add the spaghetti and cook according to the package directions, until it’s *al dente* – which means “to the tooth” – about 8-10 minutes.

2.  **Garlic Time:** While the spaghetti is cooking, heat the olive oil in a large skillet over medium heat. Add the minced garlic and cook for about 30-60 seconds, until it’s fragrant. *Be careful not to burn the garlic!*  It should just start to turn golden.

3.  **Combine & Finish:** Once the spaghetti is cooked, drain it well. Add it to the skillet with the garlic oil. Toss to coat the spaghetti evenly.

4.  **Parmesan Magic:** Sprinkle the grated Parmesan over the spaghetti.  Stir it in until it melts into the sauce.

5.  **Season:**  Add a pinch of salt and pepper to taste. If you want a little heat, add a pinch of red pepper flakes.

6.  **Serve & Enjoy:** Serve immediately. 

**That’s it!** It’s a super quick and flavorful dish that feels like a warm hug. 

**Would you like me to suggest a simple side salad to go with it?**",pass,
"¡Hola! Tengo huevos, tortillas, cebolla y cilantro. ¿Podrías sugerirme algo que pueda preparar en 30 minutos?",gemma3:1b,data/meta_prompts/use_case_metaprompt,"¡Hola! ¡Qué bueno que tienes esos ingredientes! Con huevos, tortillas, cebolla y cilantro, podemos hacer algo increíblemente simple y delicioso.  Vamos a preparar un **Huevos Rancheros Revueltos (Simplified)**.  Es rápido, sabroso y con un toque de color.

**Aquí está lo que necesitas:**

*   **Huevos** (2-3)
*   **Tortillas de maíz** (2-3)
*   **Cebolla** (1/2)
*   **Cilantro** (una buena porción)
*   **Salsa Picante (opcional)** -  Aunque no lo tienes, es perfecto.
*   **Aceite de oliva** (una cucharada o dos)

**Aquí está la receta:**

1.  **Sofríe la cebolla:** Corta la cebolla en julianas finas.  Ponla en una sartén grande y  enciende el fuego.  Cuando empiece a dorarse, agrega los huevos y cocina hasta que estén cocidos.  ¡No los revolviendo!

2.  **Añade el cilantro:** Cuando los huevos estén listos, retíralos de la sartén.  Añade el cilantro picado a los huevos y mezcla bien.  ¡Ya tiene un sabor suave y fresco!

3.  **¡Aritmética!**  Coloca las tortillas en la sartén en la que cocinaste los huevos.  Con un tenedor, rompe y distribuye los huevos por encima de las tortillas.  Esto hace que la tortilla se desmenuce y se mezcle con los huevos.

4.  **Salsa (opcional):** Si quieres algo más, añade una cucharadita de salsa picante.

5.  **¡Listo!**  ¡Disfruta de tus huevos rancheros revueltos!

**Consejos para hacerlo aún más rápido:**

*   Si tienes una sartén más pequeña, puedes usarla.
*   Si quieres un toque de especias, añade un poco de pimentón ahumado.


Espero que lo disfrutes mucho! ¿Tienes alguna otra cosa en la cocina? Tal vez un poco de queso rallado o unas hojas de cilantro?",pass,
"Looking for something comforting. I have chicken, rice, and frozen peas. Can you suggest a warm and easy dinner?",gemma3:1b,data/meta_prompts/use_case_metaprompt,"Okay, let’s go with a super comforting and easy Chicken & Rice with Peas – inspired by Nigella Lawson’s warm, simple approach! 

Here’s a recipe that leans into those elements:

**Honey & Ginger Chicken & Rice with Peas**

This is a really lovely, deeply flavored dish that feels warm and inviting. 

**Yields:** 4 servings
**Prep Time:** 10 minutes
**Cook Time:** 20-25 minutes

**Ingredients:**

*   1.5 lbs Chicken (bone-in, skin-on is best for flavor - rotisserie chicken works too!)
*   1 cup Long Grain Rice
*   6 cups Chicken Broth (or vegetable broth for a lighter flavor)
*   1 lb Frozen Peas
*   1 tbsp Olive Oil
*   1 tsp Ground Ginger
*   1 tsp Turmeric Powder
*   1/2 tsp Garlic Powder
*   Salt and Pepper to taste
*   Fresh Parsley (for garnish - optional)


**Instructions:**

1.  **Cook the Rice:** Rinse the rice under cold water until the water runs clear. In a saucepan, combine the rice with the chicken broth. Bring to a boil, then reduce heat to low, cover, and simmer for 15-20 minutes, or until the rice is cooked and all the liquid is absorbed.
2.  **Cook the Chicken:** While the rice is cooking, heat the olive oil in a large skillet or Dutch oven over medium heat. Add the chicken and cook until it’s browned on all sides (about 5-7 minutes). Don’t worry about cooking it through completely – we want some nice crust.
3.  **Add the Flavors:** Add the ginger, turmeric, and garlic powder to the chicken and cook for about 30 seconds, until fragrant. Then, add the frozen peas and cook for 2-3 minutes until they’re heated through.
4.  **Combine & Simmer:** Stir in the cooked rice and chicken mixture.  Simmer for about 5-10 minutes to let it meld together. Taste and adjust seasoning with salt and pepper. 
5.  **Serve:** Garnish with fresh parsley, if desired.


**Why this fits the vibe:** It’s simple, uses familiar ingredients, and has a lovely, subtly spiced flavor profile.  Nigella would probably recommend a little bit of warming spices like cinnamon or nutmeg.


**To make it even *more* comforting, you could:**

*   Add a tablespoon of butter for extra richness.
*   Serve with a dollop of plain yogurt or a drizzle of tahini sauce.

---

**To help me tailor it even better, could you tell me:**

*   Are there any specific vegetables you’d like to include (e.g., carrots, potatoes)?",fail,too sweet
"I want a Mexican dish. I have tortillas, salsa verde, cheese, and olives.  I'm not very good at cooking, but I'd love a recipe that's easy.",gemma3:1b,data/meta_prompts/use_case_metaprompt,"Okay, fantastic! Let’s make a super simple and delicious Mexican dish – **Black Bean & Cheese Quesadillas**.  They’re comforting, satisfying, and perfect for a quick and easy meal, using what you've got!  Nigella Lawson-esque charm here!

**Yields:** 2 quesadillas
**Prep time:** 5 minutes
**Cook time:** 10-15 minutes

**Ingredients:**

*   2 large tortillas (flour or corn, whatever you have)
*   1 can (15 oz) black beans, rinsed and drained
*   1/2 cup shredded cheese (cheddar, Monterey Jack, or a Mexican blend – whatever you like!)
*   1-2 tablespoons salsa verde (start with less, you can always add more!)
*   Optional: A sprinkle of cumin (if you have it!)

**Instructions:**

1.  **Warm the Tortillas:** This is key!  You want them pliable but not too soft.  Heat them in a dry pan over *low* heat for about 10-15 minutes, or until they start to soften around the edges.  Don’t let them burn!

2.  **Layer it Up:**  Lay one tortilla flat on a plate. Sprinkle half of the black beans on the tortilla.  Then, pile on the cheese.  Make sure the cheese covers most of the beans. 

3.  **Top it Off:**  Carefully place the second tortilla on top of the cheese.

4.  **Cook:**  Heat a lightly oiled pan (a skillet or griddle) over medium heat. Carefully place the quesadillas in the pan.

5.  **Flip & Cook:** Cook for about 2-3 minutes per side, or until the tortilla is golden brown and the cheese is melted and gooey. You can gently press down on the quesadillas with a spatula while they’re cooking to help them brown evenly. 

6.  **Serve:**  Remove from the pan and let them cool slightly before cutting into wedges. Serve warm with a generous dollop of salsa verde! 

**Tips for making it extra easy:**

*   **Don't overfill:**  A little bit of cheese goes a long way.
*   **Spice it up (slightly):** If you have a pinch of cumin, it'll really elevate the flavor.

**Why this recipe works:** 

It’s all about simple layering and warmth.  It’s the kind of dish that feels comforting and familiar. And with the little bit of spice, it's not overwhelming!

Let me know if you’d like me to offer a variation (maybe a little extra spice, or a different cheese?)",fail,doesn't use all ingredients
"I’m craving something savory. I have potatoes, onions, and ham.  What quick recipe can I make with these?",gemma3:1b,data/meta_prompts/use_case_metaprompt,"Okay, let's make a truly comforting and flavorful dish!  We’re going to create **Ham & Potato Hash with a Sweet & Spicy Kick.**  It's simple, packed with warmth, and relies on things you likely already have.

Here’s what we’ll do:

**Yields:** 2-3 servings
**Prep time:** 10 minutes
**Cook time:** 20-25 minutes

**Ingredients:**

*   2 medium potatoes, peeled and diced into 1/2-inch cubes
*   1 medium onion, diced
*   1/2 lb (about 4 ounces) diced ham (bone-in is fantastic!)
*   1 tbsp olive oil (or vegetable oil)
*   1 tsp smoked paprika
*   1/2 tsp garlic powder
*   Pinch of cayenne pepper (optional – adjust to your spice preference)
*   Salt and pepper to taste
*   Fresh parsley or chives, for garnish (optional)



**Instructions:**

1.  **Prep the Potatoes & Onion:** Peel and dice the potatoes and onion into roughly 1/2-inch cubes.
2.  **Sauté the Aromatics:** Heat the olive oil in a large skillet or frying pan over medium heat. Add the diced onions and cook for about 5-7 minutes, until they start to soften and turn translucent.  Add the diced ham and cook for another 5-7 minutes, stirring occasionally, until it’s lightly browned.
3.  **Add Potatoes & Spices:**  Add the diced potatoes to the skillet.  Drizzle with the smoked paprika, garlic powder, and cayenne pepper (if using). Season generously with salt and pepper.  Stir everything together to combine.
4.  **Cook & Don't Overcrowd:**  Cook the hash, stirring occasionally, for about 15-20 minutes, or until the potatoes are tender and starting to brown.  *Don’t* stir too much, as you want the potatoes to get some color.
5.  **Serve:**  Remove from heat. Garnish with fresh parsley or chives, if desired.

**Why this is good and why it fits Nigella’s style:**

*   **Simple, Seasonal Flavors:** This is all about building flavors that are warm and comforting.
*   **Layered Flavors:**  The sweetness of the onions balances the savory ham, and the paprika adds a gentle warmth.
*   **Texture Contrast:**  The soft potatoes and tender ham create a pleasant textural experience.

**To make it a little more ""Nigella-esque"" (if that’s what you’re aiming for):**

*   Add a splash of dry sherry or dry white wine to the pan when sautéing the onions – a *tiny* bit, just to deepen the flavors.
*   Don’t be afraid to let the potatoes get a little dark – that's where the magic happens!

---

**Would you like me to suggest any variations or a different cooking method?** For example, would you like to add some herbs, like thyme or rosemary?",fail,sounds gross
"I’m trying to make a dinner for my family. I have ground beef, tortillas, and salsa. What's a quick and satisfying meal?",gemma3:1b,data/meta_prompts/use_case_metaprompt,"Okay, fantastic! Let’s make a super easy and delicious meal with ground beef, tortillas, and salsa – perfect for a weeknight!  I’m thinking something that’s comforting and flavorful, a little bit rustic. 

Here’s a recipe for **Spicy Ground Beef & Salsa Tacos with a Quick Lime Vinaigrette:**

**Yields:** 4-6 people
**Prep time:** 10 minutes
**Cook time:** 15-20 minutes

**Ingredients:**

*   1 lb Ground Beef
*   1 (15-oz) can Salsa (choose your favorite – mild, medium, or hot!)
*   1 teaspoon Chili Powder (adjust to your spice preference)
*   1/2 teaspoon Cumin
*   Salt & Pepper to taste
*   12-16 Tortillas 
*   Optional: Shredded Cheese (cheddar, Monterey Jack, or a Mexican blend)
*   Optional: Sour cream or plain yogurt for topping 

**Instructions:**

1.  **Brown the Beef:** In a skillet over medium heat, add the ground beef. Cook, breaking it up with a spoon, until it’s browned all over.  Don’t worry about cooking it all the way through – it’s good to leave some bits.

2.  **Spice It Up:**  Add the chili powder, cumin, salt, and pepper to the beef. Stir for about 1 minute until fragrant. 

3.  **Salsa Time:** Stir in the salsa. Let it simmer for 5 minutes to warm it up. 

4.  **Warm the Tortillas:**  Heat the tortillas in a dry skillet or microwave for about 30-60 seconds per side until they’re pliable and warm. 

5.  **Assemble the Tacos:** Fill each tortilla with the beef mixture.  Top with shredded cheese (if using), a little bit of salsa, and maybe a dollop of sour cream or yogurt.

**Quick Lime Vinaigrette (to drizzle over the tacos):**

*   2 tablespoons Lime Juice (fresh is best!)
*   1 tablespoon Olive Oil 
*   1/2 teaspoon Honey or Maple Syrup (optional – for a touch of sweetness)

**To Make it Even Easier:**

*   If you’re short on time, you can just quickly sauté the ground beef and salsa in a pan.


**Why I think this works:**

*   **Simple Flavors:** It’s all about the spices and the freshness of the salsa.
*   **Texture:** The tortillas and the beef provide a satisfying crunch.
*   **Customizable:**  Easily swap out the salsa for something else you have on hand. 

**To help me tailor this even more, could you tell me:**

*   Are there any ingredients you *really* dislike or want to avoid?
*   Do you have any favorite toppings? (e.g., cilantro, onions, lime wedges?)",pass,
"Hey! I have some chicken breast, potatoes, and lemon.  What’s a healthy and simple recipe I could whip up in under an hour?",gemma3:1b,data/meta_prompts/use_case_metaprompt,"Okay, fantastic! Let’s make a **Sheet Pan Chicken and Potato Medley with Lemon & Herbs**. It’s incredibly simple, packed with flavor, and utilizes what you've got. It’s a gorgeous, rustic, and satisfying dish.  It’ll be under an hour to make too!

Here’s what you’ll need:

*   **Chicken Breast:** 1.5 - 2 lbs, about 1.5 - 2 ounces per breast.
*   **Potatoes:** 2-3 medium potatoes, peeled and cubed into roughly 1-1.5 inch pieces.
*   **Lemon:** 1 large lemon (zest and juice)
*   **Olive Oil:** 2-3 tablespoons
*   **Dried Herbs:** 1-2 teaspoons (Thyme, Rosemary, or Oregano are great – whatever you have!)
*   **Salt & Pepper:** To taste
*   **Optional:** Garlic powder or onion powder (about 1/2 teaspoon each)

**Let's Get Cooking!**

1.  **Prep the Chicken:** Pat the chicken breasts dry with paper towels. This helps them brown better.  Rub them with about 1 tablespoon of olive oil and a pinch of salt and pepper.

2.  **Prep the Potatoes:**  Peel and cube the potatoes into roughly 1-1.5 inch pieces.

3.  **Mix it All Up:** In a large bowl, toss the potatoes and chicken breasts with about 1 tablespoon of olive oil, salt, pepper, and garlic powder (if using).

4.  **Spread it Out:** Spread the chicken and potatoes in a single layer on a large baking sheet.  Don’t overcrowd the pan – this is key for even cooking.

5.  **Lemon Magic:** Squeeze the juice of half the lemon over the chicken and potatoes.  Then, squeeze the zest of the lemon over everything – it really brightens the flavors.

6.  **Herb Boost:** Sprinkle the dried herbs over the mixture.

7.  **Roast:** Bake at 400°F (200°C) for 20-25 minutes, or until the chicken is cooked through (internal temperature reaches 165°F/74°C) and the potatoes are tender.  You can check for doneness with a fork - it should slide easily.

8.  **Lemon Finish:**  Remove from the oven and let it rest for a few minutes before serving.  Squeeze a little bit more lemon juice over the top.

**Serving Suggestions:**

*   A simple green salad with a vinaigrette.
*   Crusty bread for soaking up the juices.
*   A dollop of plain yogurt or hummus (if you have it).


**Why this is healthy and simple:**

*   **Lean Protein:** Chicken breast is a great source of protein.
*   **Healthy Veggies:** Potatoes are packed with nutrients and fiber.
*   **Lemon & Herbs:**  Lemon adds a bright, fresh flavor without a lot of added sugar.  The herbs add a subtle aromatic complexity. 

---

Would you like me to give you some variations on this recipe, perhaps something with a different herb or a quicker sauce? Or, should I suggest a simple salad to serve alongside?",fail,will be too dry
"I want a flavorful vegetarian meal. I have beans, corn, and peppers.  Can you give me a recipe that won’t take too long?",gemma3:1b,data/meta_prompts/use_case_metaprompt,"Okay, fantastic! Let’s make a vibrant and comforting **Spicy Sweet Corn & Bean Chili with a Quick Lime Vinaigrette**. It’s bursting with flavor and relies on simple, pantry-friendly ingredients.  It’s designed to be quick – about 30-40 minutes.

**Yields:** 4-6 servings
**Prep time:** 10 minutes
**Cook time:** 25-30 minutes

**Ingredients:**

*   1 tablespoon olive oil
*   1 medium onion, chopped
*   2 cloves garlic, minced
*   1 large bell pepper (any color), chopped
*   1 (15-ounce) can chickpeas, rinsed and drained
*   1 (15-ounce) can diced tomatoes, undrained
*   1 cup fresh or frozen corn (don’t thaw!)
*   1-2 tablespoons chili powder (adjust to your spice preference)
*   1 teaspoon cumin
*   1/2 teaspoon smoked paprika (optional, but adds a lovely depth)
*   Salt and pepper to taste
*   **Lime Vinaigrette:**
    *   2 tablespoons lime juice (freshly squeezed is best!)
    *   1 tablespoon olive oil
    *   1/2 teaspoon honey or maple syrup (optional, for a touch of sweetness)
    *   Pinch of cayenne pepper (optional, for extra heat)

**Instructions:**

1.  **Sauté the Aromatics:** Heat the olive oil in a medium saucepan or pot over medium heat. Add the chopped onion and cook for about 5 minutes, until softened.  Add the minced garlic and chopped bell pepper, and cook for another 3-5 minutes, until the pepper starts to soften.

2.  **Add the Heart of the Chili:** Stir in the chickpeas, diced tomatoes (with their juices), corn, chili powder, cumin, and smoked paprika (if using). Season with salt and pepper.

3.  **Simmer & Build Flavor:** Bring the mixture to a simmer, then reduce the heat to low, cover, and let it simmer for 20-25 minutes, or until the flavors have melded and the beans are tender.

4.  **Make the Lime Vinaigrette:** While the chili simmers, whisk together the lime juice, olive oil, honey (if using), and cayenne pepper (if using) in a small bowl. 

5.  **Finish & Serve:** Once the chili is cooked to your liking, remove it from the heat. Drizzle generously with the lime vinaigrette. 

**Serving Suggestions:**

*   Serve warm in bowls. 
*   Garnish with a dollop of plain yogurt or sour cream (optional).
*   Top with a sprinkle of chopped cilantro or a lime wedge.

**Notes & Variations:**

*   **Spice Level:** Adjust the chili powder and cayenne pepper to your preference.
*   **Smoked Flavor:** For an even deeper smoky flavor, add a teaspoon of smoked paprika.
*   **Texture:** If you like it thicker, you can mash a few of the beans with a fork before serving.


Would you like me to give you some variations on the chili like a more spicy version, or perhaps a different kind of vinaigrette?",fail,vinigrette sounds gross
"Looking for a quick and easy snack. I have some crackers, cheese, and grapes.  What can I make in 15 minutes?",gemma3:1b,data/meta_prompts/use_case_metaprompt,"Okay, let’s whip up a super simple and delicious snack in 15 minutes! Here’s what I’ve got:

**Honey & Cheese Cracker Bites with a Sprinkle of Cinnamon**

1.  **Prep (5 mins):** Open the crackers and slice them in half.
2.  **Cheese (2 mins):**  Take a small handful (about 1/4 cup) of your cheese and crumble it slightly.
3.  **Mix (2 mins):**  Lightly mash the cheese with a fork – you want it to be a little chunky, not smooth.  Then, sprinkle the crumbled cheese over the crackers.
4.  **Drizzle (1 min):**  Drizzle a tiny bit of honey (about 1/2 teaspoon) over the whole thing. Sprinkle with a pinch of cinnamon – it adds warmth and a lovely spice. 

**Why it works:** It’s ridiculously easy, packed with flavor, and a little bit fancy-feeling because of the honey and cinnamon. 

---

Would you like me to suggest a little bit more?  For example, would you like a recipe that uses different types of crackers, cheese, or garnishes?",fail,wow super gross
"I’m craving a hearty soup. I have potatoes, celery, and chicken broth.  Can you suggest a recipe that’s relatively easy?",gemma3:1b,data/meta_prompts/use_case_metaprompt,"Alright, let’s make a truly comforting and delicious **Chicken & Potato Hearty Soup** – inspired by Nigella Lawson’s simple elegance! It’s a soup that warms you from the inside out.

Here’s what we’ll do:

**Yields:** 6-8 servings
**Prep Time:** 15 minutes
**Cook Time:** 30-40 minutes

**Ingredients:**

*   1.5 lbs Potatoes (Yukon Gold or Russet), peeled and diced into 1-inch cubes
*   1 tbsp Olive Oil
*   1 large Onion, chopped (or 1/2 cup chopped onion flakes for a slightly more intense flavor)
*   2 cloves Garlic, minced
*   6 cups Chicken Broth (low sodium is a good choice)
*   1 tsp Dried Thyme
*   1/2 tsp Dried Rosemary (a little goes a long way!)
*   Salt and Black Pepper to taste
*   Fresh Parsley, chopped (for garnish - optional, but lovely!)


**Instructions:**

1.  **Sauté the Aromatics:** Heat the olive oil in a large pot or Dutch oven over medium heat. Add the chopped onion (or onion flakes) and cook until softened, about 5-7 minutes. Add the minced garlic and cook for another minute until fragrant. Don’t let it burn!

2.  **Build the Base:** Add the diced potatoes to the pot. Stir to coat them with the oil and onions. Cook for about 5-7 minutes, stirring occasionally.

3.  **Add Broth & Seasonings:** Pour in the chicken broth. Add the thyme, rosemary, salt, and pepper. Bring the soup to a simmer.

4.  **Simmer & Soften:** Reduce the heat to low, cover the pot, and let it simmer for 20-30 minutes, or until the potatoes are very tender.  Taste and adjust seasonings as needed.  You might want to add a little more salt if needed, but aim for a gentle seasoning rather than a strong flavor.

5.  **Blend (Optional):** For a creamier soup, carefully use an immersion blender to blend the soup for about 2-3 minutes, until it reaches your desired consistency.  (Be careful not to over-blend - you still want some texture!)

6.  **Serve & Garnish:** Ladle the soup into bowls and garnish with fresh parsley, if desired.


**Tips & Variations (Just a little to elevate it):**

*   **Root Vegetables:**  Add a chopped carrot or parsnip for extra sweetness and nutrients.
*   **Lemon Zest:**  A tiny bit of lemon zest (1/4 tsp) adds a bright, zingy note.
*   **Spice:**  A pinch of smoked paprika adds a lovely warmth.


**Why this recipe is like Nigella's:** Simple, wholesome, and focuses on building flavors through gentle cooking. It’s about the *feel* of the soup – a comforting warmth.

Would you like me to suggest some simple salad additions to go with this soup?",pass,
"My son and I love tacos! We have ground beef, tortillas, lettuce, and salsa. What’s a kid-friendly recipe we can make?",gemma3:1b,data/meta_prompts/use_case_metaprompt,"Okay, fantastic! Let’s make some seriously delicious and easy **Speedy Beef & Lettuce Tacos** – inspired by Nigella Lawson's love for simple, vibrant flavors. It’s quick, comforting, and perfect for a weeknight! 

Here’s what we'll do:

**Yields:** 4-6 tacos
**Prep Time:** 10 minutes
**Cook Time:** 15 minutes


**Ingredients:**

*   1 pound Ground Beef
*   1 Onion, diced (or ½ a small onion, finely chopped - younger kids might prefer it!)
*   1 can (15 ounces) Diced Tomatoes, undrained
*   1 cup Shredded Lettuce (Romaine or Iceberg works great)
*   1-2 Tablespoons Salsa (choose your favorite – mild, medium, or spicy)
*   1 teaspoon Cumin (or ½ teaspoon ground cumin)
*   Salt and Pepper to taste


**Instructions:**

1.  **Brown the Beef:** In a skillet (medium heat), cook the ground beef over medium heat, breaking it up with a spoon as it cooks.  Don't worry about making it perfectly browned – a little bit of color is fine!  (About 5-7 minutes)
2.  **Add Onion & Tomatoes:** Add the diced onion and the can of diced tomatoes (with their juice) to the skillet.  Let it simmer for about 5 minutes, stirring occasionally, until the onion is softened.
3.  **Mix it Up:**  Stir in the cumin and salt and pepper. 
4.  **Warm the Lettuce:** While the beef is cooking, quickly wash and dry the lettuce.  You can lightly salt it a little – it’ll soak up the flavors.
5.  **Assemble the Tacos:**  Fill each tortilla with a generous spoonful of the beef mixture.  Top with a layer of lettuce.  Then, generously sprinkle with the warmed lettuce. 
6.  **Top it Off:**  Spoon a little salsa over the lettuce. 

**Tips & Variations for Kid-Friendliness:**

*   **Mild Salsa:** If your son or you are sensitive to spice, use a milder salsa.
*   **Mild Beef:**  You can use a leaner ground beef. 
*   **Diced Veggies:** Add a handful of shredded carrots or zucchini for extra veggies!
*   **Cheese (Optional):** If your child likes cheese, a sprinkle of shredded cheddar or Monterey Jack would be fun.

**Nigella Lawson-Inspired Touch:** (Just a little bit!)  We’re going to add a *tiny* drizzle of honey to the beef mixture. It adds a subtle sweetness and makes it taste extra wonderful. (About 1/2 teaspoon).

**Let me know if you'd like me to suggest some fun toppings to add!** 😊",pass,
"I have some sausage, potatoes, and spinach.  What a simple dish could I prepare in under an hour?",gemma3:1b,data/meta_prompts/use_case_metaprompt,"Okay, fantastic! Let’s make a truly comforting and surprisingly delicious **Sausage & Potato Hash with a Simple Herb & Garlic Dressing**. It’s incredibly easy, uses things you likely have, and has a lovely rustic feel, channeling a little bit of Nigella’s vibe.

Here’s what we’ll do:

**Yields:** 2-3 Servings
**Prep Time:** 10 minutes
**Cook Time:** 25-30 minutes

**Ingredients:**

*   1 lb Sausage (Italian sausage or a good quality pork sausage works best)
*   2-3 Medium Potatoes, peeled and diced into 1-inch pieces
*   1 Bunch Spinach, washed and roughly chopped
*   2-3 cloves Garlic, minced
*   1 tbsp Olive Oil 
*   Salt and Pepper to taste
*   Optional: Fresh Parsley (a little for garnish)

**Instructions:**

1.  **Sear the Sausage (5-7 minutes):** Heat the olive oil in a large skillet over medium heat. Add the sausage and cook, breaking it up with a spoon, until it's browned all over – about 5-7 minutes.  Remove the sausage from the skillet and set aside.

2.  **Cook the Potatoes (10-12 minutes):** Add the diced potatoes to the skillet.  Season with salt and pepper. Cook, stirring occasionally, for about 10-12 minutes, or until they are tender and starting to brown around the edges.

3.  **Add the Spinach (5 minutes):**  Stir in the chopped spinach and cook for another 2-3 minutes, until it wilts slightly.

4.  **Combine & Finish (5 minutes):**  Return the cooked sausage to the skillet with the potatoes and spinach. Stir to combine. 

5.  **Make the Dressing (2 minutes):** While the hash is cooking, in a small bowl, combine the minced garlic and 1 tablespoon of olive oil.  Add a pinch of salt and pepper. 

6.  **Dress & Serve (2 minutes):** Drizzle the dressing over the hash.  Garnish with fresh parsley (if using). Serve immediately.

**Why this works (Nigella-esque inspiration):**

*   **Focus on Simple Flavors:** It’s not about complicated seasonings.  The garlic, salt, and pepper really highlight the natural flavors of the sausage and potatoes.
*   **Textural Contrast:**  The slightly browned sausage, tender potatoes, and slightly wilted spinach create a delightful texture.
*   **Rustic Presentation:** It’s a hearty, comforting dish that feels like a warm, simple meal. 

**Would you like me to suggest a simple salad to go with this?**",pass,
"I need a quick recipe for a main course. I have ground turkey, rice, and a tomato sauce.  It needs to be really tasty.",gemma3:1b,data/meta_prompts/use_case_metaprompt,"Okay, let’s make a **Savory Turkey & Rice Bowl with a Spicy Tomato Kiss** – inspired by Nigella’s love of vibrant flavors and simplicity!  This is really easy and packed with flavor.

**Yields:** 2 servings
**Prep time:** 10 minutes
**Cook time:** 20 minutes

**Ingredients:**

*   1 pound Ground Turkey
*   1 cup Cooked Rice (white or brown, your preference)
*   1 (28 ounce) can Crushed Tomatoes
*   1/2 cup Tomato Paste
*   1/2 cup Onion, chopped (yellow or red)
*   2 cloves Garlic, minced
*   1 teaspoon Smoked Paprika
*   1/2 teaspoon Chili Powder (adjust to your spice preference)
*   1/4 teaspoon Cayenne Pepper (optional – for extra heat)
*   1/2 teaspoon Dried Oregano
*   Salt and Pepper to taste
*   Fresh Cilantro, chopped (for garnish - optional)
*   Olive Oil (for cooking)

**Instructions:**

1.  **Brown the Turkey:** Heat 1 tablespoon of olive oil in a skillet over medium-high heat. Add the ground turkey and cook, breaking it up with a spoon, until browned. Don’t worry about cooking it all the way through – it will continue to cook in the rice. Drain off any excess grease.

2.  **Sauté the Aromatics:** Add the chopped onion and minced garlic to the skillet. Cook for 3-5 minutes, until the onion is softened and translucent. 

3.  **Build the Sauce:** Stir in the crushed tomatoes, tomato paste, smoked paprika, chili powder, oregano, salt, and pepper.  Bring to a simmer and let it simmer for 5-7 minutes, allowing the flavors to meld.

4.  **Combine the Rice & Sauce:** Add the cooked rice to the tomato sauce. Stir well to combine.

5.  **Assemble the Bowls:** Divide the rice mixture evenly between two bowls. Top with the browned turkey.

6.  **Spice it Up:** Garnish with fresh cilantro (if using). 

**Tips & Variations:**

*   **Veggie Boost:**  Add a cup of chopped bell peppers (any color) or zucchini to the mixture for extra nutrients and color.
*   **Lime Juice:** A squeeze of lime juice at the end brightens the flavors.
*   **Creamy Touch:** Stir in a tablespoon of plain yogurt or sour cream for a little extra richness.


**Nigella-esque Flavor Notes:** 

This dish leans into vibrant flavors – the smoked paprika adds a little depth, and the chili powder lends a warmth.  It’s all about the *smell* – you want that comforting, slightly spicy aroma to fill your kitchen. 

Enjoy this hearty and flavorful bowl!  Let me know if you'd like me to tweak it with something specific.",pass,
"Hola, I have some chicken, rice, and steamed broccoli. What can I make that’s quick and delicious?",gemma3:1b,data/meta_prompts/use_case_metaprompt,"Okay, fantastic! Let’s make a wonderfully comforting and flavorful dish with those ingredients – we’re going to do a **Sheet Pan Chicken & Broccoli with a Lemon & Garlic Spice**. It’s quick, easy, and really hits all the right notes.

Here’s what we’ll do:

**Yields:** 2 servings
**Prep Time:** 10 minutes
**Cook Time:** 20-25 minutes

**Ingredients:**

*   2 Chicken Breasts (boneless, skinless)
*   1 cup Rice (long grain or basmati works great)
*   1 head of Broccoli (about 1.5 - 2 lbs)
*   2 cloves Garlic, minced
*   1 tbsp Olive Oil
*   1 tsp Dried Herbs de Provence (or a mix of thyme, rosemary, and oregano)
*   Salt and Pepper to taste

**Instructions:**

1.  **Prep the Broccoli:** Wash and chop the broccoli into bite-sized florets. 
2.  **Prep the Chicken:** Pat the chicken breasts dry with paper towels.  This is key for getting a nice sear.
3.  **Spice it Up:** In a bowl, combine the minced garlic, olive oil, dried herbs de Provence, salt, and pepper.  Mix well.
4.  **Season the Chicken & Broccoli:** Rub the spice mixture all over the chicken breasts.  Then, toss the broccoli with about half of the spice mixture. Spread everything in a single layer on a sheet pan.
5.  **Cook:** Roast in a preheated oven at 400°F (200°C) for 20-25 minutes, or until the chicken is cooked through (internal temperature reaches 165°F/74°C) and the broccoli is tender-crisp.  You can flip the chicken breasts halfway through for even browning.

**Why this is perfect:**

*   **Simple & Speedy:** It takes less than 30 minutes!
*   **Flavorful:** The garlic and herbs really bring out the chicken and broccoli. 
*   **Healthy:** Packed with veggies and protein. 
*   **Nigella-esque:** It has that comforting, slightly rustic feel you might find in her recipes.

**To elevate it even further (optional):**  You could drizzle a little honey or balsamic glaze over the finished dish just before serving for a little extra sweetness.

---

Would you like me to give you a few variations on this dish, or perhaps suggest a quick salad to serve alongside?",fail,wrong cooking method
"I want something with vegetables and protein.  I have ground beef, carrots, and onions.  Give me a recipe.",gemma3:1b,data/meta_prompts/use_case_metaprompt,"Alright, let's craft a delicious and comforting dish – **Hearty Beef and Carrot Shepherd's Pie!** It’s a wonderfully flavorful and surprisingly simple meal using what you’ve got. We’re channeling a bit of Nigella’s rustic charm!

**Yields:** 6 servings
**Prep Time:** 15 minutes
**Cook Time:** 30-40 minutes

**Ingredients:**

*   1 lb Ground Beef
*   1 tbsp Olive Oil
*   1 Large Onion, chopped
*   2 Carrots, peeled and chopped
*   2 cloves Garlic, minced
*   1 tbsp Tomato Paste
*   1 cup Beef Broth (or water with a bouillon cube)
*   1 tsp Dried Thyme 
*   1/2 tsp Dried Rosemary
*   Salt and Pepper to taste
*   2 Potatoes, peeled and cubed (about 1 inch)
*   1 tbsp Butter (optional, for richness)

**For the Topping:**

*   1.5 lbs Frozen Peas
*   1/4 cup Milk or Cream (or plant-based alternative)
*   Pinch of Nutmeg

**Instructions:**

1.  **Brown the Beef:** Heat the olive oil in a large skillet or Dutch oven over medium-high heat. Add the ground beef and cook until browned, breaking it up with a spoon as it cooks. Drain off any excess grease.

2.  **Sauté the Aromatics:** Add the chopped onion to the skillet and cook for about 5-7 minutes, until softened. Then, stir in the minced garlic and cook for another minute until fragrant.

3.  **Build the Base:** Stir in the tomato paste and cook for 1-2 minutes, allowing it to darken slightly.  Add the beef broth/water and thyme and rosemary. Bring to a simmer.

4.  **Add the Veggies:** Add the chopped carrots and cook for about 10-15 minutes, or until they begin to soften. 

5.  **Simmer to Perfection:** Reduce the heat to low, cover the skillet, and simmer for about 15-20 minutes, or until the carrots are tender.

6.  **Mash the Potatoes:** While the Shepherd's Pie is simmering, boil the potatoes in salted water until tender. Drain and return to the pot.  Mash them with the milk or cream and a pinch of nutmeg.

7.  **Assemble the Pie:** Spread the mashed potatoes evenly over the bottom of a 9x13 inch baking dish.

8.  **Add the Filling:** Carefully spread the seasoned beef and carrot mixture over the mashed potatoes.

9.  **Top with Peas:**  Scatter the frozen peas evenly over the top.

10. **Bake:** Bake in a preheated oven at 375°F (190°C) for 20-25 minutes, or until the topping is lightly browned and the filling is bubbling.

11. **Rest & Serve:** Let it rest for 5-10 minutes before serving.



**Nigella-Inspired Notes:**

*   **Flavor Boost:** A squeeze of lemon juice at the end brightens the dish.
*   **Texture:**  If you want a really nice crust, you could crumble some grated parmesan cheese over the top before serving.
*   **Variations:**  Feel free to add a splash of Worcestershire sauce for a deeper flavor.

Enjoy this cozy and satisfying meal! Would you like me to give you a quicker version, perhaps just focusing on the beef and carrots?",pass,
"I’m feeling like something spicy. I have chicken, soy sauce, and chili peppers.  What quick and spicy meal can I create? ",gemma3:1b,data/meta_prompts/use_case_metaprompt,"Alright, let’s crank up the heat! With chicken, soy sauce, and chili peppers, we can make a truly delicious and fiery dish. I’m thinking something that’s both comforting and vibrant. 

**Spicy Chicken & Soy Glazed with Quick Pickled Vegetables**

This recipe is all about layering flavors – the sweetness of the soy, the warmth of the chili, and the bright acidity of the pickled veggies. It’s super adaptable to what you have on hand.

**Here’s what you’ll need (assuming you have common pantry items):**

*   **Chicken:** About 1-1.5 lbs, boneless, skinless chicken thighs or breasts.
*   **Soy Sauce:** 1/4 cup (low sodium is good if you prefer)
*   **Chili Peppers:** 1-2 small, chopped chili peppers – I’d recommend a mild bird’s eye or jalapeño. (Adjust to your heat preference!)
*   **Rice Vinegar:** 1 tablespoon
*   **Honey:** 1 teaspoon (or maple syrup if you have it)
*   **Ginger:** 1/2 inch piece, grated (about 1/4 tsp) – this adds a lovely warmth
*   **Garlic:** 2 cloves, minced
*   **Vegetables for Pickling:** (You can use what you have - carrots, cucumbers, bell peppers - chopped into bite-sized pieces) 1/2 cup
*   **Sesame Oil:** 1 teaspoon (optional, for a little extra aroma)

**Let’s make it in about 20-25 minutes:**

1.  **Prep the Chicken:** Cut the chicken into bite-sized pieces.
2.  **Spice the Chicken:** In a bowl, toss the chicken with the minced garlic, grated ginger, and chopped chili peppers. Let it marinate for about 10 minutes – you want it to get a bit of a pink hue.
3.  **Make the Glaze:** In a small saucepan, combine the soy sauce, rice vinegar, honey, and sesame oil (if using). Bring to a simmer over medium heat, stirring constantly, until it thickens slightly (about 3-5 minutes).
4.  **Cook the Chicken:** Heat a skillet (cast iron is great!) over medium-high heat. Add the marinated chicken and cook for 5-7 minutes, stirring occasionally, until it's browned on all sides and cooked through.
5.  **Assemble & Serve:** Toss the cooked chicken with the quick pickled vegetables (carrots, cucumbers, bell peppers) in the pan.  Serve immediately!


**To make it even more special...**

*   A sprinkle of sesame seeds for garnish.
*   A squeeze of lime juice.


---

**To help me tailor this recipe even more to *your* kitchen, could you tell me:**

*   Do you have any specific vegetables you’d like to use?
*   Do you have any favorite spice blends (like chili powder, cumin, etc.)?",pass,
